{
    "fMsValue": -6.49749755859375,
    "fMsPrev": -6.49749755859375,
    "fBGMsValue": -4.175825119018555,
    "fBGMsPrev": -4.175825119018555,
    "fGEsValue": -3.818638324737549,
    "fGEsPrev": 0.0,
    "fUIEsValue": -8.691301345825196,
    "fUIEsPrev": 0.0,
    "bMsMute": false,
    "bBGMsMute": false,
    "bGEsMute": false,
    "bUIEsMute": false
}