{
    "fMsValue": -25.394609451293947,
    "fMsPrev": -25.394609451293947,
    "fBGMsValue": -4.175825119018555,
    "fBGMsPrev": 0.0,
    "fGEsValue": -28.091909408569337,
    "fGEsPrev": 0.0,
    "fUIEsValue": -8.691301345825196,
    "fUIEsPrev": 0.0,
    "bMsMute": false,
    "bBGMsMute": false,
    "bGEsMute": false,
    "bUIEsMute": false
}